{
  "learning_rate": 0.17263452583540784,
  "num_leaves": 141,
  "max_depth": 7,
  "min_child_samples": 90,
  "subsample": 0.7923995480768492,
  "colsample_bytree": 0.9994902667235264,
  "reg_alpha": 0.0904797797858147,
  "reg_lambda": 0.5052420944492465,
  "n_estimators": 918
}